gender,agency_gap,appearance_focus,none,occupation_gap,relationship_only
female,8.75,33.75,1.25,31.25,25.0
male,7.0588235294117645,4.705882352941177,4.117647058823529,72.35294117647058,11.76470588235294
